[{"model": "subscriber.subscriber", "pk": 1, "fields": {"subscriber_id": "1635392039906890", "first_name": "Tu\u1ea5n", "match": 293784}}, {"model": "subscriber.subscriber", "pk": 2, "fields": {"subscriber_id": "1635392039906890", "first_name": "Tu\u1ea5n", "match": 293790}}, {"model": "subscriber.subscriber", "pk": 5, "fields": {"subscriber_id": "1565174746945103", "first_name": "\u0110\u1ea1t", "match": 293785}}, {"model": "subscriber.subscriber", "pk": 8, "fields": {"subscriber_id": "1565174746945103", "first_name": "\u0110\u1ea1t", "match": 293790}}, {"model": "subscriber.subscriber", "pk": 9, "fields": {"subscriber_id": "1565174746945103", "first_name": "\u0110\u1ea1t", "match": 293784}}, {"model": "subscriber.subscriber", "pk": 10, "fields": {"subscriber_id": "1565174746945103", "first_name": "\u0110\u1ea1t", "match": 293760}}, {"model": "team.team", "pk": 3, "fields": {"league": 1736, "en_name": "Russia", "vi_name": "Nga"}}, {"model": "team.team", "pk": 4, "fields": {"league": 1736, "en_name": "Uruguay", "vi_name": "Uruguay"}}, {"model": "team.team", "pk": 5, "fields": {"league": 1736, "en_name": "Egypt", "vi_name": "Ai C\u1eadp"}}, {"model": "team.team", "pk": 6, "fields": {"league": 1736, "en_name": "Saudi Arabia", "vi_name": "\u1ea2 R\u1eadp X\u00ea \u00dat"}}, {"model": "team.team", "pk": 7, "fields": {"league": 1737, "en_name": "Iran", "vi_name": "Iran"}}, {"model": "team.team", "pk": 8, "fields": {"league": 1737, "en_name": "Portugal", "vi_name": "B\u1ed3 \u0110\u1ea7u Nha"}}, {"model": "team.team", "pk": 9, "fields": {"league": 1737, "en_name": "Spain", "vi_name": "T\u00e2y Ban Nha"}}, {"model": "team.team", "pk": 10, "fields": {"league": 1737, "en_name": "Morocco", "vi_name": "Maroc"}}, {"model": "team.team", "pk": 11, "fields": {"league": 1738, "en_name": "Australia", "vi_name": "\u00dac"}}, {"model": "team.team", "pk": 12, "fields": {"league": 1738, "en_name": "Denmark", "vi_name": "\u0110an M\u1ea1ch"}}, {"model": "team.team", "pk": 13, "fields": {"league": 1738, "en_name": "France", "vi_name": "Ph\u00e1p"}}, {"model": "team.team", "pk": 14, "fields": {"league": 1738, "en_name": "Peru", "vi_name": "P\u00ea-ru"}}, {"model": "team.team", "pk": 15, "fields": {"league": 1739, "en_name": "Argentina", "vi_name": "Argentina"}}, {"model": "team.team", "pk": 16, "fields": {"league": 1739, "en_name": "Croatia", "vi_name": "Croatia"}}, {"model": "team.team", "pk": 17, "fields": {"league": 1739, "en_name": "Iceland", "vi_name": "Iceland"}}, {"model": "team.team", "pk": 18, "fields": {"league": 1739, "en_name": "Nigeria", "vi_name": "Nigeria"}}, {"model": "team.team", "pk": 19, "fields": {"league": 1740, "en_name": "Brazil", "vi_name": "Brazil"}}, {"model": "team.team", "pk": 20, "fields": {"league": 1740, "en_name": "Costa Rica", "vi_name": "Costa Rica"}}, {"model": "team.team", "pk": 21, "fields": {"league": 1740, "en_name": "Serbia", "vi_name": "Serbia"}}, {"model": "team.team", "pk": 22, "fields": {"league": 1740, "en_name": "Switzerland", "vi_name": "Th\u1ee5y S\u0129"}}, {"model": "team.team", "pk": 23, "fields": {"league": 1741, "en_name": "Germany", "vi_name": "\u0110\u1ee9c"}}, {"model": "team.team", "pk": 24, "fields": {"league": 1741, "en_name": "Mexico", "vi_name": "Mexico"}}, {"model": "team.team", "pk": 25, "fields": {"league": 1741, "en_name": "South Korea", "vi_name": "H\u00e0n Qu\u1ed1c"}}, {"model": "team.team", "pk": 26, "fields": {"league": 1741, "en_name": "Sweden", "vi_name": "Th\u1ee5y \u0110i\u1ec3n"}}, {"model": "team.team", "pk": 27, "fields": {"league": 1742, "en_name": "Belgium", "vi_name": "B\u1ec9"}}, {"model": "team.team", "pk": 28, "fields": {"league": 1742, "en_name": "England", "vi_name": "Anh"}}, {"model": "team.team", "pk": 29, "fields": {"league": 1742, "en_name": "Panama", "vi_name": "Panama"}}, {"model": "team.team", "pk": 30, "fields": {"league": 1742, "en_name": "Tunisia", "vi_name": "Tunisia"}}, {"model": "team.team", "pk": 31, "fields": {"league": 1743, "en_name": "Colombia", "vi_name": "Colombia"}}, {"model": "team.team", "pk": 32, "fields": {"league": 1743, "en_name": "Japan", "vi_name": "Nh\u1eadt"}}, {"model": "team.team", "pk": 33, "fields": {"league": 1743, "en_name": "Poland", "vi_name": "Ba Lan"}}, {"model": "team.team", "pk": 34, "fields": {"league": 1743, "en_name": "Senegal", "vi_name": "Senegal"}}, {"model": "match.matchevent", "pk": 149, "fields": {"match": 293767, "event_type": 1, "time": "4'", "player_name": " Cristiano Ronaldo"}}, {"model": "match.matchevent", "pk": 150, "fields": {"match": 293767, "event_type": 2, "time": "24'", "player_name": " Diego Costa"}}, {"model": "match.matchevent", "pk": 151, "fields": {"match": 293767, "event_type": 1, "time": "44'", "player_name": " Cristiano Ronaldo"}}, {"model": "match.matchevent", "pk": 152, "fields": {"match": 293767, "event_type": 2, "time": "55'", "player_name": " Diego Costa"}}, {"model": "match.matchevent", "pk": 153, "fields": {"match": 293767, "event_type": 2, "time": "58'", "player_name": " Nacho Fernandez"}}, {"model": "match.matchevent", "pk": 154, "fields": {"match": 293772, "event_type": 1, "time": "58'", "player_name": " Antoine Griezmann"}}, {"model": "match.matchevent", "pk": 155, "fields": {"match": 293772, "event_type": 2, "time": "62'", "player_name": " Mile Jedinak"}}, {"model": "match.matchevent", "pk": 157, "fields": {"match": 293778, "event_type": 1, "time": "19'", "player_name": " Sergio Aguero"}}, {"model": "match.matchevent", "pk": 158, "fields": {"match": 293779, "event_type": 1, "time": "32'", "player_name": " Oghenekaro Etebo"}}, {"model": "match.matchevent", "pk": 159, "fields": {"match": 293761, "event_type": 2, "time": "89'", "player_name": "Jose Gimenez"}}, {"model": "match.matchevent", "pk": 160, "fields": {"match": 293766, "event_type": 2, "time": "90'", "player_name": "Aziz Bouhaddouz"}}, {"model": "match.matchevent", "pk": 161, "fields": {"match": 293767, "event_type": 1, "time": "88'", "player_name": " Cristiano Ronaldo"}}, {"model": "match.matchevent", "pk": 162, "fields": {"match": 293772, "event_type": 1, "time": "81'", "player_name": " Paul Pogba"}}, {"model": "match.matchevent", "pk": 163, "fields": {"match": 293773, "event_type": 2, "time": "59'", "player_name": " Yussuf Poulsen"}}, {"model": "match.matchevent", "pk": 164, "fields": {"match": 293778, "event_type": 2, "time": "23'", "player_name": " Alfred Finnbogason"}}, {"model": "match.matchevent", "pk": 166, "fields": {"match": 293779, "event_type": 1, "time": "71'", "player_name": " Luka Modric"}}, {"model": "match.matchevent", "pk": 169, "fields": {"match": 293784, "event_type": 1, "time": "25'", "player_name": "Cristial Ronaldo"}}, {"model": "match.match", "pk": 293760, "fields": {"league": 1736, "hometeam": 3, "hometeam_score": 5, "awayteam": 6, "awayteam_score": 0, "date": "2018-06-14", "time": "22:00:00", "status": "FT"}}, {"model": "match.match", "pk": 293761, "fields": {"league": 1736, "hometeam": 5, "hometeam_score": 0, "awayteam": 4, "awayteam_score": 1, "date": "2018-06-15", "time": "19:00:00", "status": "FT"}}, {"model": "match.match", "pk": 293762, "fields": {"league": 1736, "hometeam": 3, "hometeam_score": -1, "awayteam": 5, "awayteam_score": -1, "date": "2018-06-20", "time": "01:00:00", "status": ""}}, {"model": "match.match", "pk": 293763, "fields": {"league": 1736, "hometeam": 4, "hometeam_score": -1, "awayteam": 6, "awayteam_score": -1, "date": "2018-06-20", "time": "22:00:00", "status": ""}}, {"model": "match.match", "pk": 293764, "fields": {"league": 1736, "hometeam": 6, "hometeam_score": -1, "awayteam": 5, "awayteam_score": -1, "date": "2018-06-25", "time": "21:00:00", "status": ""}}, {"model": "match.match", "pk": 293765, "fields": {"league": 1736, "hometeam": 4, "hometeam_score": -1, "awayteam": 3, "awayteam_score": -1, "date": "2018-06-25", "time": "21:00:00", "status": ""}}, {"model": "match.match", "pk": 293766, "fields": {"league": 1737, "hometeam": 10, "hometeam_score": 0, "awayteam": 7, "awayteam_score": 1, "date": "2018-06-15", "time": "22:00:00", "status": "FT"}}, {"model": "match.match", "pk": 293767, "fields": {"league": 1737, "hometeam": 8, "hometeam_score": 3, "awayteam": 9, "awayteam_score": 3, "date": "2018-06-16", "time": "01:00:00", "status": "FT"}}, {"model": "match.match", "pk": 293768, "fields": {"league": 1737, "hometeam": 8, "hometeam_score": -1, "awayteam": 10, "awayteam_score": -1, "date": "2018-06-20", "time": "19:00:00", "status": ""}}, {"model": "match.match", "pk": 293769, "fields": {"league": 1737, "hometeam": 7, "hometeam_score": -1, "awayteam": 9, "awayteam_score": -1, "date": "2018-06-21", "time": "01:00:00", "status": ""}}, {"model": "match.match", "pk": 293770, "fields": {"league": 1737, "hometeam": 7, "hometeam_score": -1, "awayteam": 8, "awayteam_score": -1, "date": "2018-06-26", "time": "01:00:00", "status": ""}}, {"model": "match.match", "pk": 293771, "fields": {"league": 1737, "hometeam": 9, "hometeam_score": -1, "awayteam": 10, "awayteam_score": -1, "date": "2018-06-26", "time": "01:00:00", "status": ""}}, {"model": "match.match", "pk": 293772, "fields": {"league": 1738, "hometeam": 13, "hometeam_score": 2, "awayteam": 11, "awayteam_score": 1, "date": "2018-06-16", "time": "17:00:00", "status": "FT"}}, {"model": "match.match", "pk": 293773, "fields": {"league": 1738, "hometeam": 14, "hometeam_score": 0, "awayteam": 12, "awayteam_score": 1, "date": "2018-06-16", "time": "23:00:00", "status": "FT"}}, {"model": "match.match", "pk": 293774, "fields": {"league": 1738, "hometeam": 12, "hometeam_score": -1, "awayteam": 11, "awayteam_score": -1, "date": "2018-06-21", "time": "19:00:00", "status": ""}}, {"model": "match.match", "pk": 293775, "fields": {"league": 1738, "hometeam": 13, "hometeam_score": -1, "awayteam": 14, "awayteam_score": -1, "date": "2018-06-21", "time": "22:00:00", "status": ""}}, {"model": "match.match", "pk": 293776, "fields": {"league": 1738, "hometeam": 11, "hometeam_score": -1, "awayteam": 14, "awayteam_score": -1, "date": "2018-06-26", "time": "21:00:00", "status": ""}}, {"model": "match.match", "pk": 293777, "fields": {"league": 1738, "hometeam": 12, "hometeam_score": -1, "awayteam": 13, "awayteam_score": -1, "date": "2018-06-26", "time": "21:00:00", "status": ""}}, {"model": "match.match", "pk": 293778, "fields": {"league": 1739, "hometeam": 15, "hometeam_score": 1, "awayteam": 17, "awayteam_score": 1, "date": "2018-06-16", "time": "20:00:00", "status": "FT"}}, {"model": "match.match", "pk": 293779, "fields": {"league": 1739, "hometeam": 16, "hometeam_score": 2, "awayteam": 18, "awayteam_score": 0, "date": "2018-06-17", "time": "02:00:00", "status": "FT"}}, {"model": "match.match", "pk": 293780, "fields": {"league": 1739, "hometeam": 15, "hometeam_score": -1, "awayteam": 16, "awayteam_score": -1, "date": "2018-06-22", "time": "01:00:00", "status": ""}}, {"model": "match.match", "pk": 293781, "fields": {"league": 1739, "hometeam": 18, "hometeam_score": -1, "awayteam": 17, "awayteam_score": -1, "date": "2018-06-22", "time": "22:00:00", "status": ""}}, {"model": "match.match", "pk": 293782, "fields": {"league": 1739, "hometeam": 17, "hometeam_score": -1, "awayteam": 16, "awayteam_score": -1, "date": "2018-06-27", "time": "01:00:00", "status": ""}}, {"model": "match.match", "pk": 293783, "fields": {"league": 1739, "hometeam": 18, "hometeam_score": -1, "awayteam": 15, "awayteam_score": -1, "date": "2018-06-27", "time": "01:00:00", "status": ""}}, {"model": "match.match", "pk": 293784, "fields": {"league": 1740, "hometeam": 20, "hometeam_score": 0, "awayteam": 21, "awayteam_score": 0, "date": "2018-06-17", "time": "19:00:00", "status": "6'"}}, {"model": "match.match", "pk": 293785, "fields": {"league": 1740, "hometeam": 19, "hometeam_score": -1, "awayteam": 22, "awayteam_score": -1, "date": "2018-06-18", "time": "01:00:00", "status": ""}}, {"model": "match.match", "pk": 293786, "fields": {"league": 1740, "hometeam": 19, "hometeam_score": -1, "awayteam": 20, "awayteam_score": -1, "date": "2018-06-22", "time": "19:00:00", "status": ""}}, {"model": "match.match", "pk": 293787, "fields": {"league": 1740, "hometeam": 21, "hometeam_score": -1, "awayteam": 22, "awayteam_score": -1, "date": "2018-06-23", "time": "01:00:00", "status": ""}}, {"model": "match.match", "pk": 293788, "fields": {"league": 1740, "hometeam": 21, "hometeam_score": -1, "awayteam": 19, "awayteam_score": -1, "date": "2018-06-28", "time": "01:00:00", "status": ""}}, {"model": "match.match", "pk": 293789, "fields": {"league": 1740, "hometeam": 22, "hometeam_score": -1, "awayteam": 20, "awayteam_score": -1, "date": "2018-06-28", "time": "01:00:00", "status": ""}}, {"model": "match.match", "pk": 293790, "fields": {"league": 1741, "hometeam": 23, "hometeam_score": -1, "awayteam": 24, "awayteam_score": -1, "date": "2018-06-17", "time": "22:00:00", "status": ""}}, {"model": "match.match", "pk": 293791, "fields": {"league": 1741, "hometeam": 26, "hometeam_score": -1, "awayteam": 25, "awayteam_score": -1, "date": "2018-06-18", "time": "19:00:00", "status": ""}}, {"model": "match.match", "pk": 293792, "fields": {"league": 1741, "hometeam": 25, "hometeam_score": -1, "awayteam": 24, "awayteam_score": -1, "date": "2018-06-23", "time": "22:00:00", "status": ""}}, {"model": "match.match", "pk": 293793, "fields": {"league": 1741, "hometeam": 23, "hometeam_score": -1, "awayteam": 26, "awayteam_score": -1, "date": "2018-06-24", "time": "01:00:00", "status": ""}}, {"model": "match.match", "pk": 293794, "fields": {"league": 1741, "hometeam": 24, "hometeam_score": -1, "awayteam": 26, "awayteam_score": -1, "date": "2018-06-27", "time": "21:00:00", "status": ""}}, {"model": "match.match", "pk": 293795, "fields": {"league": 1741, "hometeam": 25, "hometeam_score": -1, "awayteam": 23, "awayteam_score": -1, "date": "2018-06-27", "time": "21:00:00", "status": ""}}, {"model": "match.match", "pk": 293796, "fields": {"league": 1742, "hometeam": 27, "hometeam_score": -1, "awayteam": 29, "awayteam_score": -1, "date": "2018-06-18", "time": "22:00:00", "status": ""}}, {"model": "match.match", "pk": 293797, "fields": {"league": 1742, "hometeam": 30, "hometeam_score": -1, "awayteam": 28, "awayteam_score": -1, "date": "2018-06-19", "time": "01:00:00", "status": ""}}, {"model": "match.match", "pk": 293798, "fields": {"league": 1742, "hometeam": 27, "hometeam_score": -1, "awayteam": 30, "awayteam_score": -1, "date": "2018-06-23", "time": "19:00:00", "status": ""}}, {"model": "match.match", "pk": 293799, "fields": {"league": 1742, "hometeam": 28, "hometeam_score": -1, "awayteam": 29, "awayteam_score": -1, "date": "2018-06-24", "time": "19:00:00", "status": ""}}, {"model": "match.match", "pk": 293800, "fields": {"league": 1742, "hometeam": 28, "hometeam_score": -1, "awayteam": 27, "awayteam_score": -1, "date": "2018-06-29", "time": "01:00:00", "status": ""}}, {"model": "match.match", "pk": 293801, "fields": {"league": 1742, "hometeam": 29, "hometeam_score": -1, "awayteam": 30, "awayteam_score": -1, "date": "2018-06-29", "time": "01:00:00", "status": ""}}, {"model": "match.match", "pk": 293802, "fields": {"league": 1743, "hometeam": 31, "hometeam_score": -1, "awayteam": 32, "awayteam_score": -1, "date": "2018-06-19", "time": "19:00:00", "status": ""}}, {"model": "match.match", "pk": 293803, "fields": {"league": 1743, "hometeam": 33, "hometeam_score": -1, "awayteam": 34, "awayteam_score": -1, "date": "2018-06-19", "time": "22:00:00", "status": ""}}, {"model": "match.match", "pk": 293804, "fields": {"league": 1743, "hometeam": 32, "hometeam_score": -1, "awayteam": 34, "awayteam_score": -1, "date": "2018-06-24", "time": "22:00:00", "status": ""}}, {"model": "match.match", "pk": 293805, "fields": {"league": 1743, "hometeam": 33, "hometeam_score": -1, "awayteam": 31, "awayteam_score": -1, "date": "2018-06-25", "time": "01:00:00", "status": ""}}, {"model": "match.match", "pk": 293806, "fields": {"league": 1743, "hometeam": 32, "hometeam_score": -1, "awayteam": 33, "awayteam_score": -1, "date": "2018-06-28", "time": "21:00:00", "status": ""}}, {"model": "match.match", "pk": 293807, "fields": {"league": 1743, "hometeam": 34, "hometeam_score": -1, "awayteam": 31, "awayteam_score": -1, "date": "2018-06-28", "time": "21:00:00", "status": ""}}, {"model": "league.league", "pk": 1736, "fields": {"en_name": "Group A", "vi_name": "B\u1ea3ng A", "country": 340}}, {"model": "league.league", "pk": 1737, "fields": {"en_name": "Group B", "vi_name": "B\u1ea3ng B", "country": 340}}, {"model": "league.league", "pk": 1738, "fields": {"en_name": "Group C", "vi_name": "B\u1ea3ng C", "country": 340}}, {"model": "league.league", "pk": 1739, "fields": {"en_name": "Group D", "vi_name": "B\u1ea3ng D", "country": 340}}, {"model": "league.league", "pk": 1740, "fields": {"en_name": "Group E", "vi_name": "B\u1ea3ng E", "country": 340}}, {"model": "league.league", "pk": 1741, "fields": {"en_name": "Group E", "vi_name": "B\u1ea3ng E", "country": 340}}, {"model": "league.league", "pk": 1742, "fields": {"en_name": "Group G", "vi_name": "B\u1ea3ng G", "country": 340}}, {"model": "league.league", "pk": 1743, "fields": {"en_name": "Group H", "vi_name": "B\u1ea3ng H", "country": 340}}, {"model": "country.country", "pk": 340, "fields": {"en_name": "World Cup 2018", "vi_name": "World Cup 2018"}}]